nickname,content,score,creationTime,location
草***萄,耳机收到了，送货非常快，次日达，质量很好，太方便了，挂在脖子上不怕丢了，音质很好，买来配我的苹果手机，开机直接和苹果链接成功，非常方便，不用再有任何操作，续航时间很长，本人喜欢听音乐，用了三天还剩45%的电量，非常好，喜欢的朋友可以下单哦。,5,2024-03-07 13:09:05,江西
张***7,耳机很不错，是我想要的颜色。连苹果手机速度很快。还有定位查找功能。音质还可以，反正是锻炼的时候戴要求也不高。磁吸开关很实用。,5,2024-03-05 18:00:14,上海
-***-,"音质好，小巧可爱，非常适合出差使用。
音质是同级别里表现超赞的，续航时间也是满足一整天使用的。
小巧的耳塞，保证了收音的效果。",5,2024-03-05 11:06:16,天津
j***1,这是一一个好评摸板。因为本人很懒不想每个产品都写好评所以特地写下这个模板，以前不知道-评论可以涨积分，现在才知道好评的重要性，妥妥的每条都来评论下，赚积分，下次还能抵现金用。评论80个字以上，可以得到50个积分，我无论买什么东西都会把泣个段复制牯贴下凑够字数。这是第N次在网，上买东西了，棒捧体东西便宜而且质量好物美价康，买的放心，用的开心，感觉都买；上瘾了，买买买，很本停不下来，东西品神多布且又特别全划算方便，而且实惠，包装很好，南且没有任何损坏，会一直支持下去的，服努还可以一超级好用，好训，下次再来,5,2024-02-18 10:12:20,江苏
j***x,京东快递还是这么靠谱，晚上下单次日中午就到了，快递小哥打电话时还变更了短距离的送货地点，没有丝毫怨言很爽快，产品质量也是我预期的，现在用了几天很满意，再也不担心丢耳机和充电仓了，丢怕了,5,2024-03-03 11:07:12,山东
S***n,过年的时候原先耳机不好用了，立刻想到了京东快递，选了这个耳机，中规中矩的，适合自己就是好的，包装完好无损，送货及时，很满意,5,2024-02-29 11:47:21,黑龙江
j***a,这个产品无论从外观还是质量都是很好的，达到了预期值，值得一个好评。货真价实，良心卖家，客服很贴心，物流速度也很满意，整个交易过程很顺利，很开心的一次购物体验。好东西大家分享，己经推荐给身边的朋友，希望以后店家有更多更好的产品。,5,2024-02-22 12:00:41,江苏
j***5,"作为音乐爱好者，我一直在寻找一款能够提供优质音质、舒适佩戴、性价比高的耳机。最近，我有幸体验了 Beats Flex 耳机，它完全超出了我的预期，让我彻底爱上了它。
首先，让我们谈谈 Beats Flex 耳机的音质。这款耳机采用了 Beats 的声学工程技术，搭载了先进的驱动单元，提供了清晰、丰富的音频体验。无论是中音、高音还是低音，都表现出色，音质纯正，给人一种沉浸式的听觉享受。在我听音乐、播放视频或者通话时，Beats Flex 耳机都能够完美地呈现出每一个音符，让我仿佛置身于音乐的世界之中。
其次，Beats Flex 耳机的舒适度也是令人惊艳的。它采用了轻巧柔软的材料，佩戴起来非常舒适，即使长时间佩戴也不会感到压迫感或不适。而且，它还配备了可调节的耳机颈带，可以根据个人喜好进行调整，确保最佳的佩戴体验。无论是在健身、办公还是旅行时，Beats Flex 耳机都能够始终保持舒适。
除了音质和舒适度，Beats Flex 耳机还具有出色的续航表现和便捷的使用体验。它内置了高性能的电池，一次充电可以提供长达 12 小时的续航时间，让我完全不用担心电量不足的问题。而且，它还支持快速充",5,2024-03-14 17:47:29,北京
j***p,"这个耳机不错，买第二次了，不错，非常好大品牌值得信赖，
做工质感：质感很好，高端
音质音效：音效纯净。干净，空灵
舒适度：舒适度不错，好用
续航能力：续航不错，充一次电可以12个小时",5,2024-03-08 18:19:17,四川
草***萄,耳机收到了，送货非常快，次日达，质量很好，太方便了，挂在脖子上不怕丢了，音质很好，买来配我的苹果手机，开机直接和苹果链接成功，非常方便，不用再有任何操作，续航时间很长，本人喜欢听音乐，用了三天还剩45%的电量，非常好，喜欢的朋友可以下单哦。,5,2024-03-07 13:09:05,江西
j***6,大品牌产品就是专业&hellip;品牌产品就是这么任性，运动跑步都能轻松驾驭，方便便捷！使用感极佳而且具有良好手感以及舒适手感，性能特点外观造型美观大气典雅美观又实用,5,2024-03-08 12:13:25,北京
张***7,耳机很不错，是我想要的颜色。连苹果手机速度很快。还有定位查找功能。音质还可以，反正是锻炼的时候戴要求也不高。磁吸开关很实用。,5,2024-03-05 18:00:14,上海
-***-,"音质好，小巧可爱，非常适合出差使用。
音质是同级别里表现超赞的，续航时间也是满足一整天使用的。
小巧的耳塞，保证了收音的效果。",5,2024-03-05 11:06:16,天津
j***1,这是一一个好评摸板。因为本人很懒不想每个产品都写好评所以特地写下这个模板，以前不知道-评论可以涨积分，现在才知道好评的重要性，妥妥的每条都来评论下，赚积分，下次还能抵现金用。评论80个字以上，可以得到50个积分，我无论买什么东西都会把泣个段复制牯贴下凑够字数。这是第N次在网，上买东西了，棒捧体东西便宜而且质量好物美价康，买的放心，用的开心，感觉都买；上瘾了，买买买，很本停不下来，东西品神多布且又特别全划算方便，而且实惠，包装很好，南且没有任何损坏，会一直支持下去的，服努还可以一超级好用，好训，下次再来,5,2024-02-18 10:12:20,江苏
j***x,京东快递还是这么靠谱，晚上下单次日中午就到了，快递小哥打电话时还变更了短距离的送货地点，没有丝毫怨言很爽快，产品质量也是我预期的，现在用了几天很满意，再也不担心丢耳机和充电仓了，丢怕了,5,2024-03-03 11:07:12,山东
S***n,过年的时候原先耳机不好用了，立刻想到了京东快递，选了这个耳机，中规中矩的，适合自己就是好的，包装完好无损，送货及时，很满意,5,2024-02-29 11:47:21,黑龙江
j***a,这个产品无论从外观还是质量都是很好的，达到了预期值，值得一个好评。货真价实，良心卖家，客服很贴心，物流速度也很满意，整个交易过程很顺利，很开心的一次购物体验。好东西大家分享，己经推荐给身边的朋友，希望以后店家有更多更好的产品。,5,2024-02-22 12:00:41,江苏
j***5,"作为音乐爱好者，我一直在寻找一款能够提供优质音质、舒适佩戴、性价比高的耳机。最近，我有幸体验了 Beats Flex 耳机，它完全超出了我的预期，让我彻底爱上了它。
首先，让我们谈谈 Beats Flex 耳机的音质。这款耳机采用了 Beats 的声学工程技术，搭载了先进的驱动单元，提供了清晰、丰富的音频体验。无论是中音、高音还是低音，都表现出色，音质纯正，给人一种沉浸式的听觉享受。在我听音乐、播放视频或者通话时，Beats Flex 耳机都能够完美地呈现出每一个音符，让我仿佛置身于音乐的世界之中。
其次，Beats Flex 耳机的舒适度也是令人惊艳的。它采用了轻巧柔软的材料，佩戴起来非常舒适，即使长时间佩戴也不会感到压迫感或不适。而且，它还配备了可调节的耳机颈带，可以根据个人喜好进行调整，确保最佳的佩戴体验。无论是在健身、办公还是旅行时，Beats Flex 耳机都能够始终保持舒适。
除了音质和舒适度，Beats Flex 耳机还具有出色的续航表现和便捷的使用体验。它内置了高性能的电池，一次充电可以提供长达 12 小时的续航时间，让我完全不用担心电量不足的问题。而且，它还支持快速充",5,2024-03-14 17:47:29,北京
j***p,"这个耳机不错，买第二次了，不错，非常好大品牌值得信赖，
做工质感：质感很好，高端
音质音效：音效纯净。干净，空灵
舒适度：舒适度不错，好用
续航能力：续航不错，充一次电可以12个小时",5,2024-03-08 18:19:17,四川
j***6,大品牌产品就是专业&hellip;品牌产品就是这么任性，运动跑步都能轻松驾驭，方便便捷！使用感极佳而且具有良好手感以及舒适手感，性能特点外观造型美观大气典雅美观又实用,5,2024-03-08 12:13:25,北京
